{
  "State": 0.0,
  "District": 0.0,
  "Crop Name": 0.0,
  "Crop Season": 0.0,
  "Soil Type": 0.0,
  "Yield": 0.0,
  "Production": 0.0,
  "Rainfall (mm)": 0.7339073494591024,
  "Year": 0.1016889462506062,
  "Area": 0.1016889462506062
}