{
  "Yield": {
    "sample_count": 200000,
    "median": 1.26,
    "q1": 0.56,
    "q3": 2.99,
    "iqr": 2.43,
    "lower": -3.0850000000000004,
    "upper": 6.635000000000001
  },
  "Production": {
    "sample_count": 200000,
    "median": 2617.0,
    "q1": 361.0,
    "q3": 19290.0,
    "iqr": 18929.0,
    "lower": -28032.5,
    "upper": 47683.5
  },
  "Rainfall (mm)": {
    "sample_count": 200000,
    "median": 1196.5667,
    "q1": 1196.5667,
    "q3": 1196.5667,
    "iqr": 0.0,
    "lower": 1196.5667,
    "upper": 1196.5667
  },
  "Year": {
    "sample_count": 200000,
    "median": 2006.0,
    "q1": 2002.0,
    "q3": 2010.0,
    "iqr": 8.0,
    "lower": 1990.0,
    "upper": 2022.0
  },
  "Area": {
    "sample_count": 200000,
    "median": 1506.0,
    "q1": 259.0,
    "q3": 7111.0,
    "iqr": 6852.0,
    "lower": -10019.0,
    "upper": 17389.0
  }
}