{
  "Yield": {
    "below": 0,
    "above": 490060,
    "lower": -3.0850000000000004,
    "upper": 6.635000000000001
  },
  "Production": {
    "below": 0,
    "above": 559054,
    "lower": -28032.5,
    "upper": 47683.5
  },
  "Rainfall (mm)": {
    "below": 269109,
    "above": 468085,
    "lower": 1196.5667,
    "upper": 1196.5667
  },
  "Year": {
    "below": 0,
    "above": 0,
    "lower": 1990.0,
    "upper": 2022.0
  },
  "Area": {
    "below": 0,
    "above": 574835,
    "lower": -10019.0,
    "upper": 17389.0
  }
}